{
  "baseline_metrics": {
    "model_name": "Baseline CLIP",
    "accuracy": 0.8572289156626506,
    "top3_accuracy": 0.9680722891566265,
    "top5_accuracy": 0.9891566265060241,
    "macro_precision": 0.8423132138013623,
    "macro_recall": 0.8576066790352506,
    "macro_f1": 0.8435626447006094,
    "weighted_precision": 0.8637593428587969,
    "weighted_recall": 0.8572289156626506,
    "weighted_f1": 0.8567336377019327,
    "per_class_metrics": {
      "calling": {
        "precision": 0.8846153846153846,
        "recall": 0.7301587301587301,
        "f1-score": 0.8,
        "support": 126.0
      },
      "clapping": {
        "precision": 0.819672131147541,
        "recall": 0.7936507936507936,
        "f1-score": 0.8064516129032258,
        "support": 126.0
      },
      "cycling": {
        "precision": 0.9545454545454546,
        "recall": 1.0,
        "f1-score": 0.9767441860465116,
        "support": 126.0
      },
      "dancing": {
        "precision": 0.8682170542635659,
        "recall": 0.8888888888888888,
        "f1-score": 0.8784313725490196,
        "support": 126.0
      },
      "drinking": {
        "precision": 0.8560606060606061,
        "recall": 0.8968253968253969,
        "f1-score": 0.875968992248062,
        "support": 126.0
      },
      "eating": {
        "precision": 0.8888888888888888,
        "recall": 0.8888888888888888,
        "f1-score": 0.8888888888888888,
        "support": 126.0
      },
      "fighting": {
        "precision": 0.9015151515151515,
        "recall": 0.9444444444444444,
        "f1-score": 0.9224806201550387,
        "support": 126.0
      },
      "hugging": {
        "precision": 0.8983050847457628,
        "recall": 0.8412698412698413,
        "f1-score": 0.8688524590163934,
        "support": 126.0
      },
      "laughing": {
        "precision": 0.6964285714285714,
        "recall": 0.9285714285714286,
        "f1-score": 0.7959183673469388,
        "support": 126.0
      },
      "listening_to_music": {
        "precision": 0.8813559322033898,
        "recall": 0.8253968253968254,
        "f1-score": 0.8524590163934426,
        "support": 126.0
      },
      "running": {
        "precision": 0.9646017699115044,
        "recall": 0.8650793650793651,
        "f1-score": 0.9121338912133892,
        "support": 126.0
      },
      "sitting": {
        "precision": 0.7551020408163265,
        "recall": 0.5873015873015873,
        "f1-score": 0.6607142857142857,
        "support": 126.0
      },
      "sleeping": {
        "precision": 0.9230769230769231,
        "recall": 0.9523809523809523,
        "f1-score": 0.9375,
        "support": 126.0
      },
      "texting": {
        "precision": 0.5,
        "recall": 0.8636363636363636,
        "f1-score": 0.6333333333333333,
        "support": 22.0
      }
    },
    "confusion_matrix": [
      [
        92,
        2,
        2,
        0,
        3,
        0,
        0,
        0,
        7,
        5,
        0,
        8,
        1,
        6
      ],
      [
        1,
        100,
        0,
        3,
        0,
        0,
        3,
        0,
        13,
        1,
        0,
        3,
        0,
        2
      ],
      [
        0,
        0,
        126,
        0,
        0,
        0,
        0,
        0,
        0,
        0,
        0,
        0,
        0,
        0
      ],
      [
        0,
        5,
        0,
        112,
        0,
        0,
        2,
        3,
        0,
        0,
        2,
        2,
        0,
        0
      ],
      [
        1,
        2,
        1,
        0,
        113,
        7,
        0,
        0,
        1,
        1,
        0,
        0,
        0,
        0
      ],
      [
        0,
        1,
        0,
        0,
        8,
        112,
        0,
        0,
        5,
        0,
        0,
        0,
        0,
        0
      ],
      [
        0,
        0,
        0,
        3,
        4,
        0,
        119,
        0,
        0,
        0,
        0,
        0,
        0,
        0
      ],
      [
        0,
        0,
        0,
        1,
        0,
        3,
        0,
        106,
        10,
        0,
        0,
        2,
        4,
        0
      ],
      [
        0,
        5,
        0,
        0,
        1,
        0,
        0,
        1,
        117,
        0,
        0,
        1,
        0,
        1
      ],
      [
        4,
        0,
        1,
        4,
        0,
        1,
        0,
        0,
        5,
        104,
        1,
        3,
        0,
        3
      ],
      [
        0,
        0,
        0,
        5,
        1,
        0,
        8,
        0,
        1,
        0,
        109,
        1,
        0,
        1
      ],
      [
        4,
        7,
        2,
        1,
        2,
        2,
        0,
        8,
        8,
        7,
        1,
        74,
        5,
        5
      ],
      [
        1,
        0,
        0,
        0,
        0,
        1,
        0,
        0,
        0,
        0,
        0,
        3,
        120,
        1
      ],
      [
        1,
        0,
        0,
        0,
        0,
        0,
        0,
        0,
        1,
        0,
        0,
        1,
        0,
        19
      ]
    ]
  },
  "finetuned_metrics": {
    "model_name": "Fine-tuned CLIP",
    "accuracy": 0.07590361445783132,
    "top3_accuracy": 0.18795180722891566,
    "top5_accuracy": 0.3192771084337349,
    "macro_precision": 0.005421686746987952,
    "macro_recall": 0.07142857142857142,
    "macro_f1": 0.010078387458006719,
    "weighted_precision": 0.0057613586877631,
    "weighted_recall": 0.07590361445783132,
    "weighted_f1": 0.010709804503568586,
    "per_class_metrics": {
      "calling": {
        "precision": 0.07590361445783132,
        "recall": 1.0,
        "f1-score": 0.14109742441209405,
        "support": 126.0
      },
      "clapping": {
        "precision": 0.0,
        "recall": 0.0,
        "f1-score": 0.0,
        "support": 126.0
      },
      "cycling": {
        "precision": 0.0,
        "recall": 0.0,
        "f1-score": 0.0,
        "support": 126.0
      },
      "dancing": {
        "precision": 0.0,
        "recall": 0.0,
        "f1-score": 0.0,
        "support": 126.0
      },
      "drinking": {
        "precision": 0.0,
        "recall": 0.0,
        "f1-score": 0.0,
        "support": 126.0
      },
      "eating": {
        "precision": 0.0,
        "recall": 0.0,
        "f1-score": 0.0,
        "support": 126.0
      },
      "fighting": {
        "precision": 0.0,
        "recall": 0.0,
        "f1-score": 0.0,
        "support": 126.0
      },
      "hugging": {
        "precision": 0.0,
        "recall": 0.0,
        "f1-score": 0.0,
        "support": 126.0
      },
      "laughing": {
        "precision": 0.0,
        "recall": 0.0,
        "f1-score": 0.0,
        "support": 126.0
      },
      "listening_to_music": {
        "precision": 0.0,
        "recall": 0.0,
        "f1-score": 0.0,
        "support": 126.0
      },
      "running": {
        "precision": 0.0,
        "recall": 0.0,
        "f1-score": 0.0,
        "support": 126.0
      },
      "sitting": {
        "precision": 0.0,
        "recall": 0.0,
        "f1-score": 0.0,
        "support": 126.0
      },
      "sleeping": {
        "precision": 0.0,
        "recall": 0.0,
        "f1-score": 0.0,
        "support": 126.0
      },
      "texting": {
        "precision": 0.0,
        "recall": 0.0,
        "f1-score": 0.0,
        "support": 22.0
      }
    },