{
  "baseline_metrics": {
    "model_name": "Baseline CLIP",
    "accuracy": 0.8572289156626506,
    "top3_accuracy": 0.9680722891566265,
    "top5_accuracy": 0.9885542168674699,
    "macro_precision": 0.8423132138013623,
    "macro_recall": 0.8576066790352506,
    "macro_f1": 0.8435626447006094,
    "weighted_precision": 0.8637593428587969,
    "weighted_recall": 0.8572289156626506,
    "weighted_f1": 0.8567336377019327,
    "per_class_metrics": {
      "calling": {
        "precision": 0.8846153846153846,
        "recall": 0.7301587301587301,
        "f1-score": 0.8,
        "support": 126.0
      },
      "clapping": {
        "precision": 0.819672131147541,
        "recall": 0.7936507936507936,
        "f1-score": 0.8064516129032258,
        "support": 126.0
      },
      "cycling": {
        "precision": 0.9545454545454546,
        "recall": 1.0,
        "f1-score": 0.9767441860465116,
        "support": 126.0
      },
      "dancing": {
        "precision": 0.8682170542635659,
        "recall": 0.8888888888888888,
        "f1-score": 0.8784313725490196,
        "support": 126.0
      },
      "drinking": {
        "precision": 0.8560606060606061,
        "recall": 0.8968253968253969,
        "f1-score": 0.875968992248062,
        "support": 126.0
      },
      "eating": {
        "precision": 0.8888888888888888,
        "recall": 0.8888888888888888,
        "f1-score": 0.8888888888888888,
        "support": 126.0
      },
      "fighting": {
        "precision": 0.9015151515151515,
        "recall": 0.9444444444444444,
        "f1-score": 0.9224806201550387,
        "support": 126.0
      },
      "hugging": {
        "precision": 0.8983050847457628,
        "recall": 0.8412698412698413,
        "f1-score": 0.8688524590163934,
        "support": 126.0
      },
      "laughing": {
        "precision": 0.6964285714285714,
        "recall": 0.9285714285714286,
        "f1-score": 0.7959183673469388,
        "support": 126.0
      },
      "listening_to_music": {
        "precision": 0.8813559322033898,
        "recall": 0.8253968253968254,
        "f1-score": 0.8524590163934426,
        "support": 126.0
      },
      "running": {
        "precision": 0.9646017699115044,
        "recall": 0.8650793650793651,
        "f1-score": 0.9121338912133892,
        "support": 126.0
      },
      "sitting": {
        "precision": 0.7551020408163265,
        "recall": 0.5873015873015873,
        "f1-score": 0.6607142857142857,
        "support": 126.0
      },
      "sleeping": {
        "precision": 0.9230769230769231,
        "recall": 0.9523809523809523,
        "f1-score": 0.9375,
        "support": 126.0
      },
      "texting": {
        "precision": 0.5,
        "recall": 0.8636363636363636,
        "f1-score": 0.6333333333333333,
        "support": 22.0
      }
    },
    "confusion_matrix": [
      [
        92,
        2,
        2,
        0,
        3,
        0,
        0,
        0,
        7,
        5,
        0,
        8,
        1,
        6
      ],
      [
        1,
        100,
        0,
        3,
        0,
        0,
        3,
        0,
        13,
        1,
        0,
        3,
        0,
        2
      ],
      [
        0,
        0,
        126,
        0,
        0,
        0,
        0,
        0,
        0,
        0,
        0,
        0,
        0,
        0
      ],
      [
        0,
        5,
        0,
        112,
        0,
        0,
        2,
        3,
        0,
        0,
        2,
        2,
        0,
        0
      ],
      [
        1,
        2,
        1,
        0,
        113,
        7,
        0,
        0,
        1,
        1,
        0,
        0,
        0,
        0
      ],
      [
        0,
        1,
        0,
        0,
        8,
        112,
        0,
        0,
        5,
        0,
        0,
        0,
        0,
        0
      ],
      [
        0,
        0,
        0,
        3,
        4,
        0,
        119,
        0,
        0,
        0,
        0,
        0,
        0,
        0
      ],
      [
        0,
        0,
        0,
        1,
        0,
        3,
        0,
        106,
        10,
        0,
        0,
        2,
        4,
        0
      ],
      [
        0,
        5,
        0,
        0,
        1,
        0,
        0,
        1,
        117,
        0,
        0,
        1,
        0,
        1
      ],
      [
        4,
        0,
        1,
        4,
        0,
        1,
        0,
        0,
        5,
        104,
        1,
        3,
        0,
        3
      ],
      [
        0,
        0,
        0,
        5,
        1,
        0,
        8,
        0,
        1,
        0,
        109,
        1,
        0,
        1
      ],
      [
        4,
        7,
        2,
        1,
        2,
        2,
        0,
        8,
        8,
        7,
        1,
        74,
        5,
        5
      ],
      [
        1,
        0,
        0,
        0,
        0,
        1,
        0,
        0,
        0,
        0,
        0,
        3,
        120,
        1
      ],
      [
        1,
        0,
        0,
        0,
        0,
        0,
        0,
        0,
        1,
        0,
        0,
        1,
        0,
        19
      ]
    ]
  },
  "finetuned_metrics": {
    "model_name": "Fine-tuned CLIP",
    "accuracy": 0.5234939759036145,
    "top3_accuracy": 0.7837349397590362,
    "top5_accuracy": 0.8957831325301204,
    "macro_precision": 0.57896014438893,
    "macro_recall": 0.5194289837146979,
    "macro_f1": 0.49110812310895685,
    "weighted_precision": 0.6084224981180636,
    "weighted_recall": 0.5234939759036145,
    "weighted_f1": 0.510885009113923,
    "per_class_metrics": {
      "calling": {
        "precision": 0.8333333333333334,
        "recall": 0.11904761904761904,
        "f1-score": 0.20833333333333334,
        "support": 126.0
      },
      "clapping": {
        "precision": 0.2903225806451613,
        "recall": 0.5714285714285714,
        "f1-score": 0.3850267379679144,
        "support": 126.0
      },
      "cycling": {
        "precision": 0.7232704402515723,
        "recall": 0.9126984126984127,
        "f1-score": 0.8070175438596491,
        "support": 126.0
      },
      "dancing": {
        "precision": 0.9090909090909091,
        "recall": 0.23809523809523808,
        "f1-score": 0.37735849056603776,
        "support": 126.0
      },
      "drinking": {
        "precision": 0.6285714285714286,
        "recall": 0.1746031746031746,
        "f1-score": 0.2732919254658385,
        "support": 126.0
      },
      "eating": {
        "precision": 0.7746478873239436,
        "recall": 0.873015873015873,
        "f1-score": 0.8208955223880597,
        "support": 126.0
      },
      "fighting": {
        "precision": 0.6451612903225806,
        "recall": 0.47619047619047616,
        "f1-score": 0.547945205479452,
        "support": 126.0
      },
      "hugging": {
        "precision": 0.5051546391752577,
        "recall": 0.3888888888888889,
        "f1-score": 0.43946188340807174,
        "support": 126.0
      },
      "laughing": {
        "precision": 0.5755395683453237,
        "recall": 0.6349206349206349,
        "f1-score": 0.6037735849056604,
        "support": 126.0
      },
      "listening_to_music": {
        "precision": 0.4915254237288136,
        "recall": 0.4603174603174603,
        "f1-score": 0.47540983606557374,
        "support": 126.0
      },
      "running": {
        "precision": 0.6124031007751938,
        "recall": 0.626984126984127,
        "f1-score": 0.6196078431372549,
        "support": 126.0
      },
      "sitting": {
        "precision": 0.33649289099526064,
        "recall": 0.5634920634920635,
        "f1-score": 0.42136498516320475,
        "support": 126.0
      },
      "sleeping": {
        "precision": 0.6712328767123288,
        "recall": 0.7777777777777778,
        "f1-score": 0.7205882352941176,
        "support": 126.0
      },