{
  "baseline_metrics": {
    "model_name": "Baseline CLIP",
    "accuracy": 0.8572289156626506,
    "top3_accuracy": 0.9680722891566265,
    "top5_accuracy": 0.9885542168674699,
    "macro_precision": 0.8423132138013623,
    "macro_recall": 0.8576066790352506,
    "macro_f1": 0.8435626447006094,
    "weighted_precision": 0.8637593428587969,
    "weighted_recall": 0.8572289156626506,
    "weighted_f1": 0.8567336377019327,
    "per_class_metrics": {
      "calling": {
        "precision": 0.8846153846153846,
        "recall": 0.7301587301587301,
        "f1-score": 0.8,
        "support": 126.0
      },
      "clapping": {
        "precision": 0.819672131147541,
        "recall": 0.7936507936507936,
        "f1-score": 0.8064516129032258,
        "support": 126.0
      },
      "cycling": {
        "precision": 0.9545454545454546,
        "recall": 1.0,
        "f1-score": 0.9767441860465116,
        "support": 126.0
      },
      "dancing": {
        "precision": 0.8682170542635659,
        "recall": 0.8888888888888888,
        "f1-score": 0.8784313725490196,
        "support": 126.0
      },
      "drinking": {
        "precision": 0.8560606060606061,
        "recall": 0.8968253968253969,
        "f1-score": 0.875968992248062,
        "support": 126.0
      },
      "eating": {
        "precision": 0.8888888888888888,
        "recall": 0.8888888888888888,
        "f1-score": 0.8888888888888888,
        "support": 126.0
      },
      "fighting": {
        "precision": 0.9015151515151515,
        "recall": 0.9444444444444444,
        "f1-score": 0.9224806201550387,
        "support": 126.0
      },
      "hugging": {
        "precision": 0.8983050847457628,
        "recall": 0.8412698412698413,
        "f1-score": 0.8688524590163934,
        "support": 126.0
      },
      "laughing": {
        "precision": 0.6964285714285714,
        "recall": 0.9285714285714286,
        "f1-score": 0.7959183673469388,
        "support": 126.0
      },
      "listening_to_music": {
        "precision": 0.8813559322033898,
        "recall": 0.8253968253968254,
        "f1-score": 0.8524590163934426,
        "support": 126.0
      },
      "running": {
        "precision": 0.9646017699115044,
        "recall": 0.8650793650793651,
        "f1-score": 0.9121338912133892,
        "support": 126.0
      },
      "sitting": {
        "precision": 0.7551020408163265,
        "recall": 0.5873015873015873,
        "f1-score": 0.6607142857142857,
        "support": 126.0
      },
      "sleeping": {
        "precision": 0.9230769230769231,
        "recall": 0.9523809523809523,
        "f1-score": 0.9375,
        "support": 126.0
      },
      "texting": {
        "precision": 0.5,
        "recall": 0.8636363636363636,
        "f1-score": 0.6333333333333333,
        "support": 22.0
      }
    },
    "confusion_matrix": [
      [
        92,
        2,
        2,
        0,
        3,
        0,
        0,
        0,
        7,
        5,
        0,
        8,
        1,
        6
      ],
      [
        1,
        100,
        0,
        3,
        0,
        0,
        3,
        0,
        13,
        1,
        0,
        3,
        0,
        2
      ],
      [
        0,
        0,
        126,
        0,
        0,
        0,
        0,
        0,
        0,
        0,
        0,
        0,
        0,
        0
      ],
      [
        0,
        5,
        0,
        112,
        0,
        0,
        2,
        3,
        0,
        0,
        2,
        2,
        0,
        0
      ],
      [
        1,
        2,
        1,
        0,
        113,
        7,
        0,
        0,
        1,
        1,
        0,
        0,
        0,
        0
      ],
      [
        0,
        1,
        0,
        0,
        8,
        112,
        0,
        0,
        5,
        0,
        0,
        0,
        0,
        0
      ],
      [
        0,
        0,
        0,
        3,
        4,
        0,
        119,
        0,
        0,
        0,
        0,
        0,
        0,
        0
      ],
      [
        0,
        0,
        0,
        1,
        0,
        3,
        0,
        106,
        10,
        0,
        0,
        2,
        4,
        0
      ],
      [
        0,
        5,
        0,
        0,
        1,
        0,
        0,
        1,
        117,
        0,
        0,
        1,
        0,
        1
      ],
      [
        4,
        0,
        1,
        4,
        0,
        1,
        0,
        0,
        5,
        104,
        1,
        3,
        0,
        3
      ],
      [
        0,
        0,
        0,
        5,
        1,
        0,
        8,
        0,
        1,
        0,
        109,
        1,
        0,
        1
      ],
      [
        4,
        7,
        2,
        1,
        2,
        2,
        0,
        8,
        8,
        7,
        1,
        74,
        5,
        5
      ],
      [
        1,
        0,
        0,
        0,
        0,
        1,
        0,
        0,
        0,
        0,
        0,
        3,
        120,
        1
      ],
      [
        1,
        0,
        0,
        0,
        0,
        0,
        0,
        0,
        1,
        0,
        0,
        1,
        0,
        19
      ]
    ]
  },
  "finetuned_metrics": {
    "model_name": "Fine-tuned CLIP",
    "accuracy": 0.1783132530120482,
    "top3_accuracy": 0.41566265060240964,
    "top5_accuracy": 0.5891566265060241,
    "macro_precision": 0.21665892207944865,
    "macro_recall": 0.17316017316017313,
    "macro_f1": 0.1262734543029377,
    "weighted_precision": 0.2293685878250161,
    "weighted_recall": 0.1783132530120482,
    "weighted_f1": 0.13268394905199415,
    "per_class_metrics": {
      "calling": {
        "precision": 0.0,
        "recall": 0.0,
        "f1-score": 0.0,
        "support": 126.0
      },
      "clapping": {
        "precision": 0.097799511002445,
        "recall": 0.6349206349206349,
        "f1-score": 0.1694915254237288,
        "support": 126.0
      },
      "cycling": {
        "precision": 0.49056603773584906,
        "recall": 0.20634920634920634,
        "f1-score": 0.2905027932960894,
        "support": 126.0
      },
      "dancing": {
        "precision": 0.0,
        "recall": 0.0,
        "f1-score": 0.0,
        "support": 126.0
      },
      "drinking": {
        "precision": 1.0,
        "recall": 0.007936507936507936,
        "f1-score": 0.015748031496062992,
        "support": 126.0
      },
      "eating": {
        "precision": 0.30115830115830117,
        "recall": 0.6190476190476191,
        "f1-score": 0.4051948051948052,
        "support": 126.0
      },
      "fighting": {
        "precision": 0.23809523809523808,
        "recall": 0.03968253968253968,
        "f1-score": 0.06802721088435375,
        "support": 126.0
      },
      "hugging": {
        "precision": 0.0,
        "recall": 0.0,
        "f1-score": 0.0,
        "support": 126.0
      },
      "laughing": {
        "precision": 0.3472222222222222,
        "recall": 0.1984126984126984,
        "f1-score": 0.25252525252525254,
        "support": 126.0
      },
      "listening_to_music": {
        "precision": 0.0,
        "recall": 0.0,
        "f1-score": 0.0,
        "support": 126.0
      },
      "running": {
        "precision": 0.0,
        "recall": 0.0,
        "f1-score": 0.0,
        "support": 126.0
      },
      "sitting": {
        "precision": 0.2608695652173913,
        "recall": 0.14285714285714285,
        "f1-score": 0.18461538461538463,
        "support": 126.0
      },
      "sleeping": {
        "precision": 0.2837209302325581,
        "recall": 0.48412698412698413,
        "f1-score": 0.35777126099706746,
        "support": 126.0
      },
      "texting": {
        "precision": 0.013793103448275862,
        "recall": 0.09090909090909091,
        "f1-score": 0.023952095808383235,
        "support": 22.0
      }
    },